ID,Target_RMSE,Target_MAE
Kiambu_Week_52,40.97451,40.97451
Kiambu_Week_1,47.18237600000001,47.18237600000001
Kirinyaga_Week_52,40.4375,40.4375
Kirinyaga_Week_1,46.30503633333334,46.30503633333334
Mombasa_Week_52,37.380425,37.380425
Mombasa_Week_1,42.73190133333334,42.73190133333334
Nairobi_Week_52,38.73265500000001,38.73265500000001
Nairobi_Week_1,44.2723,44.2723
Uasin-Gishu_Week_52,35.549415,35.549415
Uasin-Gishu_Week_1,42.055950333333335,42.055950333333335
